ID,Product Name,Location,Owner (Ethereum Address),Timestamp
1,Coffee Beans,Pharmacy X,0x6084a0da0fdc39b2912efc0d76053b8a94c47be8,1743616295
2,Refrigerator,Storage Facility,0xe886582737605af37aecf7b3fbfa6592e6e67765,1743617295
3,Shoes,Airport Hub,0x9a2093375921b3e3a2b0a3ad88b6baa6834cfde3,1743618295
4,Coffee Beans,Shipping Dock,0x3ca90c4348b318e3700a7264bffede0fdfb4cc1c,1743619295
5,Laptop,Pharmacy X,0x2afed373ee8e59d10a99bdcafd7b4d1043ba0409,1743620295
6,Medicine Box,Pharmacy X,0x1ef6d11e682fa13da1b75f8638607e4ba992159f,1743621295
7,Tablet,Shipping Dock,0x8aa6eb0c7b38d1014a50dadb9b1b01db5ae3f5a2,1743622295
8,Headphones,Retail Store Z,0x34100b8d9912ab59c35f546ea35f8df046775561,1743623295
9,Laptop,Storage Facility,0xfe54ebae4dcad68d46b1ec3a76e5480cece80724,1743624295
10,TV,Pharmacy X,0x16f00b022d3d541a28958f8f5622c25a5fe33758,1743625295
11,Shoes,Warehouse C,0xd78bd23e21a143a4df5ee48ae5ed3e5a8f368c38,1743626295
12,Coffee Beans,Retail Store Y,0x04082379c8ccc7e59201a0b4e9047259e94d3227,1743627295
13,Headphones,Pharmacy X,0x4854c3dc6ca5d632d98c1cf37a1681507e1f14a3,1743628295
14,Headphones,Pharmacy X,0x6d988ade7f4280c117156e08823f2ed18f560dcd,1743629295
15,Medicine Box,Shipping Dock,0x211de9dde1aefdb1d23c91cbc3ed8ad98667267c,1743630295
16,Shoes,Retail Store Z,0x7bf3e50f713af61d947f99fa6168b8b85fde9ba5,1743631295
17,Shoes,Retail Store Z,0x9a8808e8e0d98904921facf9c8bef2ae3b1ae8ca,1743632295
18,Laptop,Retail Store Z,0x0b64f8c79d934d948df46ccb74ce2028d98380da,1743633295
19,Smartwatch,Warehouse C,0xc29c840dd82b042ba26f1ce05b3b2472129989e7,1743634295
20,Shoes,Retail Store Z,0xfb2b946647e0b20302f3a38af09439a168b27d52,1743635295
21,Headphones,Warehouse A,0x00d5673a1ecbd21be2708f0a27f4b6edf8b6be73,1743636295
22,Tablet,Retail Store Y,0x49d6888ee8fe76ba3edba1a89a9dcbfce441f4cf,1743637295
23,Headphones,Warehouse C,0x3a1ab2c6228fbc531920ac037b9814d97c5aa01e,1743638295
24,Refrigerator,Factory B,0x234003a5d9c74f59a8e3c37912d6a32ac9eb9231,1743639295
25,Headphones,Warehouse A,0xed9e70c754855da3b8f9985ab0e594261f96c743,1743640295
26,Shoes,Storage Facility,0xad2484a3985e68cc1de3d48285cf6a16949d3331,1743641295
27,TV,Airport Hub,0xf440804e6664212a47165c3c20becf154abe6cb9,1743642295
28,Laptop,Warehouse C,0x5af6bf9193cb6cc89c16a68a3aa820032eb807e3,1743643295
29,Coffee Beans,Retail Store Y,0xeff049e7925e02c8a5f909acfa43be56ae775b93,1743644295
30,TV,Airport Hub,0x788acbb456a8905b37876588ec36b011ef84a03d,1743645295
31,Medicine Box,Shipping Dock,0x2cb383b4d792f622873ffe295b0f4f933a636204,1743646295
32,Medicine Box,Distribution Hub,0x10c39205136bb04715fbc15cd7cf54188e662367,1743647295
33,Tablet,Warehouse A,0xd775cb61ed663044543b57a9409183b2556b67ad,1743648295
34,Headphones,Warehouse C,0x05ecb4d5e10936c9cc400b8d1a5a43923633be4a,1743649295
35,Tablet,Warehouse A,0xb1b3e20d79a6a7d85077af46ba8c98da7bd9f542,1743650295
36,Headphones,Shipping Dock,0x48983185970d617a3af55b8b3e771fd5504b04a7,1743651295
37,Laptop,Airport Hub,0x1372ea14188b965cf52e7713e478858d20c13d21,1743652295
38,Medicine Box,Distribution Hub,0x95157fed46227bc935bf1047e5e6125bb2112eac,1743653295
39,Shoes,Distribution Hub,0x944468929fad9f62fe4cd25472227536e18c5481,1743654295
40,Medicine Box,Factory B,0x1817f430ef2abbf2e04e9fa8de221b29a7dec292,1743655295
41,Medicine Box,Distribution Hub,0xe5963e52a782b46307062904d0026d84514987e2,1743656295
42,TV,Shipping Dock,0x854af4c2dc5cdb08eca86c7dcfc63d3e1526b535,1743657295
43,Headphones,Factory B,0xf6f034dbb46bf1af9d8629f1f44632df814c8c13,1743658295
44,Tablet,Retail Store Z,0x5cdf28c2b70d5669ad41859aa57ba6a4cf8dd560,1743659295
45,Shoes,Retail Store Y,0x99aa4dd955a1b91352fe917ec2921f9596927e8c,1743660295
46,TV,Distribution Hub,0x94b12196e860f3449ad64ec8e94cd77730806893,1743661295
47,Refrigerator,Shipping Dock,0x80fba91c7b22b7d73b0233f55c512978aab58a9b,1743662295
48,Headphones,Retail Store Z,0x7edd44b25865964a72317d7972c8dc524a2e3ed6,1743663295
49,Shoes,Warehouse A,0x031bbd40cdfd64909a77dbcb27a40dd514c06cd2,1743664295
50,TV,Warehouse C,0xe40d85af306a19bea12e301ae05973388a617bc5,1743665295
51,Mobile Phone,Warehouse A,0x7e246945d07c1b20ed25f54eaf77ff7e49ca48f0,1743666295
52,Laptop,Retail Store Z,0x1541817212a96a11c740ec7f57d02b069e1a72b6,1743667295
53,Laptop,Warehouse A,0x6219f1e8aa0f977bceae40976cefecd243aab559,1743668295
54,Refrigerator,Storage Facility,0xbd08aa56c85b9028a9c46669ae532cec395c35ba,1743669295
55,Refrigerator,Retail Store Z,0x9b4ded37637c856b1bedfe7cc7276d07d6881df0,1743670295
56,TV,Factory B,0x0a4bd2763409831f0582f88fef78d033fa232c2a,1743671295
57,Coffee Beans,Distribution Hub,0x0bcfcc0069466731e069ace76b7161328d0d32c6,1743672295
58,Shoes,Shipping Dock,0x75597413a32a199b5f92b537cb96ff10b0c847cb,1743673295
59,Mobile Phone,Distribution Hub,0xc933fb8ba59b5fc61add490f1a2c4c49128e1543,1743674295
60,Medicine Box,Storage Facility,0xfe610ccd316d500c74ec313d97ca5a92816ac0da,1743675295
61,Coffee Beans,Warehouse A,0x4467d9a70dbf5282da14e32669a457aa69a887d0,1743676295
62,Coffee Beans,Retail Store Z,0x4bf60e9e7d0dbceeb91b35e1cc4fa2dde2c0460d,1743677295
63,Headphones,Retail Store Z,0x6da2f380a2c5f74b5ccdfb12081fc2e54b683d9b,1743678295
64,Coffee Beans,Retail Store Y,0x01addd6f0432b8b6d9c5fc4f0c27c3af475cb565,1743679295
65,Mobile Phone,Factory B,0x38fab752e06494696f0577115aefcbfbee33b6b6,1743680295
66,Mobile Phone,Warehouse C,0x280198a253da18df27d87dbfd803d3fe5f8302c1,1743681295
67,Laptop,Pharmacy X,0x1f7bdcfb67050535972c2929c0754fbf6a413862,1743682295
68,Laptop,Retail Store Z,0x38ce2994a435d60329c3c744817d09da52f20668,1743683295
69,Headphones,Warehouse A,0x304b2383dfd833e63b222d9cafa4ce50fa8919be,1743684295
70,Medicine Box,Pharmacy X,0xf43df169f13e8f482d0e29ccd70b24fa770373bb,1743685295
71,Coffee Beans,Distribution Hub,0x2a46e176269eacc792972115ff49db714a6d8e73,1743686295
72,Medicine Box,Shipping Dock,0x1eca3e7d408bc37067d19537bc084be8b3e0df6f,1743687295
73,Medicine Box,Distribution Hub,0x347a5afd57c1e06694ea9d9f0917fda45b5092e8,1743688295
74,Refrigerator,Retail Store Y,0x16d43c773b9d7e3a016d73a4774c1873c05aaa54,1743689295
75,Coffee Beans,Retail Store Y,0xf783be1dd6b6eaf9a4ee85e385453c150adf899a,1743690295
76,Smartwatch,Airport Hub,0xfba32b4cb5f4d80685298e361422d91382633a8e,1743691295
77,Refrigerator,Warehouse C,0x3699dcb2380939974783460006ea9eaae96a862b,1743692295
78,Smartwatch,Factory B,0x5af5b9ce2cb5c6c25e21404fc6723400bef77d07,1743693295
79,Smartwatch,Distribution Hub,0x7e462585f3d2935cf95a3df3a7c901af4395b247,1743694295
80,Medicine Box,Distribution Hub,0x9ce1a663bce79a9bd75788c3f2de813544cc1ea6,1743695295
81,Smartwatch,Distribution Hub,0xccb5e7fbc512881aa991e8092fab72306f9f5123,1743696295
82,Shoes,Airport Hub,0xc1bf832f8f57b1568ecc7073da696e32d6882297,1743697295
83,Refrigerator,Retail Store Y,0x6c1e955d8d85f83b2ba42fc3991026de6784cad3,1743698295
84,Tablet,Retail Store Y,0xcbf749e5de6d4fafdfd037ec41ff0163fa090e6d,1743699295
85,Mobile Phone,Warehouse A,0x3a8ad75aaffe330ac2ae4456661782cea3fc638a,1743700295
86,Shoes,Warehouse A,0xdaf782af5c9cbca937c451806aa633677542fc75,1743701295
87,Shoes,Airport Hub,0x969cf61f13bbb9a883448a26676bd6b6b474e8e8,1743702295
88,Tablet,Storage Facility,0xb56614641869f3d83c0aa2534dc88ebfc5e6619f,1743703295
89,Smartwatch,Storage Facility,0x11aa16e6d6c4cf4c8409c15e6de32eca90e3a0e4,1743704295
90,Tablet,Factory B,0x35d355e821a42094580558e0c5556dd0f077693d,1743705295
91,Medicine Box,Shipping Dock,0x0d228f94a6c1be050f4a97c3e82b613f381e3818,1743706295
92,Headphones,Warehouse C,0xe0d2dda987970efc6c0fb8286175e09fb110faa7,1743707295
93,Laptop,Retail Store Z,0x1e9131511abc6d732a6644d72fe9a5b77de8c3bb,1743708295
94,TV,Storage Facility,0xfe3423132a8f9bc069fc3a90429ae5f79647a16e,1743709295
95,TV,Retail Store Y,0xe6109e74bc2d205984bd36b7d9c4c84b0a6db192,1743710295
96,TV,Pharmacy X,0x55f5b04f11c2a83c4e6caa2e771c30f7f7bef5bf,1743711295
97,Smartwatch,Storage Facility,0x9b87521be47fe5fd12c82df9fc743a0deb895215,1743712295
98,Laptop,Airport Hub,0xcc3e2990ceebb69b954f97db0b02e294aa436c25,1743713295
99,Headphones,Warehouse C,0x4ded8b65cb07164432c6ae5a6b4d77d9e59b439f,1743714295
100,Headphones,Factory B,0xf7f21eb610803fcd84b5f3b46d074b6579f9d392,1743715295
